<?xml version="1.0" encoding="UTF-8"?>
<project xmlns="http://www.netbeans.org/ns/project/1">
    <type>org.netbeans.modules.ant.freeform</type>
    <configuration>
        <general-data xmlns="http://www.netbeans.org/ns/freeform-project/1">
            <!-- Do not use Project Properties customizer when editing this file manually. -->
            <name>Fortress</name>
            <properties/>
            <folders>
                <source-folder>
                    <label>Sources</label>
                    <type>java</type>
                    <location>src</location>
                </source-folder>
            </folders>
            <ide-actions>
                <action name="build">
                    <target>compile</target>
                </action>
                <action name="clean">
                    <target>clean</target>
                </action>
                <action name="test">
                    <target>test</target>
                </action>
                <action name="rebuild">
                    <target>clean</target>
                    <target>compile</target>
                </action>
                <action name="run">
                    <target>test</target>
                </action>
                <action name="debug">
                    <script>nbproject/ide-file-targets.xml</script>
                    <target>debug-nb</target>
                </action>
            </ide-actions>
            <export>
                <type>folder</type>
                <location>build</location>
                <build-target>compile</build-target>
            </export>
            <view>
                <items>
                    <source-folder style="tree">
                        <label>Demos</label>
                        <location>demos</location>
                    </source-folder>
                    <source-folder style="tree">
                        <label>Tests</label>
                        <location>tests</location>
                    </source-folder>
                    <source-folder style="packages">
                        <label>Sources</label>
                        <location>src</location>
                    </source-folder>
                    <source-file>
                        <location>build.xml</location>
                    </source-file>
                </items>
                <context-menu>
                    <ide-action name="build"/>
                    <ide-action name="clean"/>
                    <ide-action name="test"/>
                    <ide-action name="rebuild"/>
                    <ide-action name="run"/>
                    <ide-action name="debug"/>
                </context-menu>
            </view>
            <subprojects/>
        </general-data>
        <java-data xmlns="http://www.netbeans.org/ns/freeform-project-java/1">
            <compilation-unit>
                <package-root>src</package-root>
                <classpath mode="compile">third_party/xtc/xtc.jar:third_party/jsr166y/jsr166y.jar:third_party/junit/junit.jar:third_party/plt/plt.jar:third_party/ant/ant.jar</classpath>
                <built-to>build</built-to>
                <source-level>1.5</source-level>
            </compilation-unit>
        </java-data>
    </configuration>
</project>
